AAUSAT;27846;;437.450 ;437.450 ;9600bps GMSK;;inactive
AAUSAT-II;32788;;437.432 ;437.432 ;1200bps FFSK MSK;;active
AAUSAT-II;32788;;437.432 ;437.432 ;9600bps FSK;OZ2CUB;inactive
AAUSat-3;39087;;437.425 ;437.425 ;4800bps FSK CW;OZ3CUB;inactive
AAUSat-5;40948;;437.425 ;437.425 ;9600bps GMSK CW;OZ5CUB;active
AENEAS;38760;;437.600 ;437.600 ;1200bps AFSK;KE6YFA-1;active
AeroCube1;;;902/928;;9600bps GFSK;;failure
AeroCube-2;31122;;902-928;;9600bps GFSK;;inactive
AESP14;;;437.600 ;;9600bps GFSK;;inactive
AggieSat-4;;;436.250 ;;9k6/153k6 FSK;;
AISat;40054;;437.250 ;437.511 ;CW;DP0AIS;active
AIST-1 (RS-41);39492;;;435.265 ;CW;;active
AIST-2 (RS-43);39133;;435.215 ;435.265 ;FM CW;;active
ALEXANDER (PhoneSat2);39146;;2401.200-2431.200;437.425 ;1200bps AFSK;KJ6KRW;reentered
ALICE;39467;;460.xxx;;GFSK;(non-amateur);
All-Star/THEIA;39683;;2401.700 ;;256Kbps BPSK;COSGC1AS;
ALMASat-1;38078;;437.465/2407.850;437.465 ;1200bps FSK;ALMASAT;inactive
ANDE-2 (Castor);35694;;145.825 ;145.825 ;1200bps AFSK;KD4HBO-1;reentered
ANDE-2 (Pollux);35693;;145.825 ;145.825 ;1200bps AFSK;POLLUX-1;reentered
ANTELSat;40034;;437.575/2403.000;437.280 ;1k2 AFSK GFSK/MSK CW;CX1SAT;active
AO-1 (Oscar-1);214;;;144.983 ;CW;;reentered
AO-10 (Phase-3B);14129;435.030-146.180;145.975-145.825;145.810 ;SSB CW;;inactive
AO-13 (Phase-3C);19216;435.423-435.573;145.975-145.825;145.812 ;SSB CW;;reentered
AO-16 (PACSAT);20439;145.920 ;437.026 ;;FM USB;;inactive
AO-16 (PACSAT);20439;145.920 ;437.026 ;2401.143 ;1200bps JAS;PACSAT-11 -12;inactive
AO-2 (Oscar-2);305;;;144.983 ;CW;;reentered
AO-27 (EYESAT-A);22825;145.850 ;436.795 ;436.795 ;1200bps AFSK FM;;inactive
AO-3 (Oscar-3);1293;145.975-146.025;144.325-144.375;;SSB CW;;inactive
AO-37 (ASUSAT);26065;145.960/145.980;435.700 ;;9600bps FSK;;inactive
AO-4 (Oscar-4);1902;432.145-432.155;144.300-144.310;;SSB CW;;reentered
AO-40 (Phase-3D);26609;;;2401.323 ;400bps PSK;;inactive
AO-49 (Rubin-2);27605;435.275 ;145.825 ;145.825 ;U/1200 D/9600 MSK;;inactive
AO-5 (Oscar-5);4321;;29.450 ;144.050 ;CW;;inactive
AO-51 (Echo);28375;145.920 ;435.300 ;435.150 ;FM_tone 67.0Hz;;inactive
AO-51 (Echo);28375;145.860/145.880;2401.200 ;435.150 ;9600bps FSK;PECHO-11 -12;inactive
AO-51 (Echo);28375;1268.700 ;435.150 ;435.150 ;9600bps FSK;PACB-11  -12;inactive
AO-54 (SuitSat);28933;;145.990 ;;FM;;
AO-6 (Phase-2A);6236;145.900-146.000;29.450- 29.550;;SSB CW;;inactive
AO-7 (Phase-2B);7530;145.850-145.950;29.400- 29.500;29.502 ;A;;active
AO-7 (Phase-2B);7530;432.125-432.175;145.975-145.925;145.970 ;B C;;active
AO-7 (Phase-2B);7530;;2304.100 ;435.100 ;D(RTTY);;inactive
AO-71 (AubieSat-1);37854;;437.475 ;437.473 ;1200bps AFSK CW;;active
AO-8 (Phase-2D);10703;145.850-145.900;29.400- 29.500;29.402 ;SSB CW;;inactive
AO-8 (Phase-2D);10703;145.900-146.000;435.200-435.100;435.095 ;SSB CW;;inactive
ARC-1;40969;;437.565 ;2440.500 ;9600bps 1Mbps CW;;inactive
ArduSat-1;39412;;437.325 ;437.000 ;9600bps MSK CW;WG9XFC-1;active
ArduSat-2;39570;;437.xxx;;9600bps MSK CCSDS;;inactive
ArduSat-X;39414;;437.345 ;437.007 ;9600bps MSK CW;WG9XFC-X;active
Argus;;;2403.000-2403.400;437.290 ;1200bps AFSK;;failure
ARISSat-1;37772;435.742-435.758;145.938-145.922;145.919 ;FM linear/inverting;;reentered
ARISSat-1;37772;;145.950 ;145.950 ;FM SSTV Telemetry;;reentered
ARISSat-1;37772;;145.918 ;145.919 ;BPSK-1000/CW;RS01S;reentered
ARISSat-1;37772;;145.939 ;145.939 ;BPSK-400/CW;;reentered
ARTSAT1-INVADER (CO-77);39577;;437.200 ;437.325 ;1k2AFSK DigiTalker CW;JQ1ZKK;reentered
ARTSAT2-DESPATCH (FO-81);;;;437.325 ;CW;JQ1ZNN;active
Athenoxat-1;41168;;;437.485 ;2400bps MSK CW;ATX1;active
BeeSat;35933;;436.000 ;436.000 ;9600/4800bps GMSK;DP0BEE;active
BEESAT-2;39136;;435.950 ;435.950 ;4800bps GMSK CW;DP0BEF;active
BEESAT-3;39135;;435.950 ;435.950 ;4800bps GMSK CW;DP0BEF;inactive
BELL (PhoneSat1);39143;;2401.200-2431.200;437.425 ;1200bps AFSK;KJ6KRW-1;reentered
Bevo-2;;;437.325 ;;38k4 FSK CW;;
Bion-M1;39130;;;;;(non-amateur);
BisonSat;40968;;437.375 ;;9600bps GMSK;N7SKC;active
Black Knight-1;39398;;437.345 ;;;;inactive
BO-47 (IDEFIX);27422;;145.840 ;145.840 ;400bps BPSK;;inactive
BO-48 (IDEFIX);27422;;435.270 ;435.270 ;400bps BPSK;;inactive
BRICsat (NO-83);40655;28.120/145.825;437.975/435.350;;9600bps FSK PSK31;BRCSAT;active
BRITE-PL;39431;;437.365/2234.400;145.890 ;32Kbps-256Kbps;;active
BugSat-1;40014;;437.445 ;;9600bps GMSK;LU7AA;active
CAERUS;;;437.600 ;437.600 ;1200bps AFSK;KJ6FIX-1;
CANX-1;27847;;437.880 ;;1200bps AFSK;VA3SFL;inactive
CANX-2;32790;;437.478 ;;GMSK;VA3SFL;active
CANX-2;32790;;2200.000 ;;32Kbps-256Kbps BPSK;VA3SFL;active
CanX-4;40055;;145.890/2234.400;437.365 ;32Kbps-256Kbps BPSK;;
CanX-5;40056;;145.890/2234.400;437.365 ;32Kbps-256Kbps BPSK;;
CAPE-1;31130;;435.245 ;435.248 ;1200bps AFSK;K5USL;inactive
CAPE-2 (LO-75);39382;145.825 ;145.822/437.325;145.825 ;1200bps AFSK CW Voice;W5UL-15;reentered
CAS-3A (XW-2A);40903;435.030-435.050;145.685-145.665;145.640/145.660;9k6/19k2 GMSK CW;BJ1SB;active
CAS-3B (XW-2B);40911;435.090-435.110;145.750-145.730;145.705/145.725;9k6/19k2 GMSK CW;BJ1SC;active
CAS-3C (XW-2C);40906;435.150-435.170;145.815-145.795;145.770/145.790;9k6/19k2 GMSK CW;BJ1SD;active
CAS-3D (XW-2D);40907;435.210-435.230;145.880-145.860;145.835/145.855;9k6/19k2 GMSK CW;BJ1SE;active
CAS-3E (XW-2E);40909;435.270-435.290;145.935-145.915;145.890/145.910;9k6 GMSK CW;BJ1SF;inactive
CAS-3F (XW-2F);40910;435.330-435.350;146.000-146.980;145.955/145.975;9k6 GMSK CW;BJ1SG;active
CAS-3G (DCBB KAITUO-1B);40912;;145.475/437.950;;9k6 GMSK;BJ1SH;active
CAS-3H (LilacSat-2);40908;144.350/144.390;437.225/144.390;437.200;1k2/4k8/9k6 AFSK GFSK;BJ1SI;active
CAS-3I (NUDT-Phone-Sat);40900;;437.300;;9k6 GFSK;BJ1SJ;active
ChargerSat-1;39405;;437.405 ;;9600bps FSK;;inactive
Chasqui-1;40117;;437.025 ;;1k2AFSK 9k6GMSK;;inactive
ChubuSat-1;;145.980 ;437.485 ;437.485 ;1200bps 9600bps CW;JJ2YJY;active
ChubuSat-2;;145.840 ;437.100 ;;1k2 AFSK 9k6 GMSK;;
ChubuSat-3;;145.840 ;437.425 ;;1k2 AFSK 9k6 GMSK;;
CO-55 (CUTE-I);27844;;437.470 ;436.838 ;1200bps AFSK;JQ1YCY;active
CO-56 (CUTE1.7);28941;;437.505 ;437.382 ;1200bps AFSK;JQ1YPC;reentered
CO-56 (CUTE1.7);28941;1268.500 ;437.505 ;437.382 ;9600bps GMSK;;reentered
CO-57 (XI-IV);27848;;437.490 ;436.848 ;1200bps AFSK CW;JQ1YCW;active
CO-58 (XI-V);28895;;437.345 ;437.465 ;1200bps AFSK CW;JQ1YGW;active
CO-65 (CUTE1.7+APDII);32785;;437.475 ;437.275 ;1200bps AFSK CW;JQ1YTC;active
CO-65 (CUTE1.7+APDII);32785;1267.600 ;437.475 ;;9600bps GMSK;JQ1YTC;inactive
CO-66 (SEEDS-II);32791;;437.485 ;437.485 ;1k2AFSK CW DigiTalker;JQ1YGU;active
COMPASS-1;32787;;437.405 ;437.275 ;1200bps AFSK CW;DP0COM;inactive
COPPER;39395;;2403.000-2403.400;437.290 ;9600bps FSK;;inactive
CP5;38763;;437.405 ;437.405 ;1200bps AFSK;CP5;inactive
CP-6;35003;;437.365 ;437.365 ;1200bps AFSK CW;N6CP;inactive
CSSWE;38761;;437.349 ;437.349 ;9600bps GMSK;CSSWE7;inactive
CSTB-1;31133;;400.038 ;;1200bps AFSK;;inactive
CubeBug-1;39153;;437.445 ;437.438 ;1200bps AFSK;CUBEB1;active
CubeBug-2 (LO-74);39440;;437.445 ;;1k2AFSK 9k6FSK;CUBEB2-6;active
CUNYSAT-1;39470;;437.505 ;437.505 ;9600bps GMSK CW;;inactive
CUSat-1;39266;;437.405 ;437.405 ;1200bps AFSK;BOTTOM;active
CUSat-2;39271;;437.485 ;437.485 ;1200bps AFSK;WG2XTI;inactive
CXBN;38762;;437.525 ;437.525 ;9600bps GFSK;;inactive
DANDE;39267;;436.750 ;436.750 ;9600bps GMSK;DANDE-2;active
Delfi-n3Xt;39428;;145.870/145.930;2405.000 ;2400bps BPSK MSK;;inactive
Delfi-n3Xt;39428;435.530-435.570;145.880-145.920;;Transponder;;inactive
DeorbitSail;40719;;145.975 ;;1200bps BPSK;DOS;active
DO-17 (DOVE);20440;;145.825 ;2401.220 ;1200bps AFSK;DOVE-1;inactive
DO-64 (DELFI-C3);32789;;145.870 ;145.867 ;1200bps BPSK;DLFIC3;active
DO-64 (DELFI-C3);32789;435.530-435.570;145.920-145.880;145.930 ;SSB CW;DLFIC3;inactive
Dove-1/2;39144;;145.825 ;2420.000 ;1200bps AFSK;;reentered
Dove-3;39429;;;;;(non-amateur);
Dove-4;39434;;;;;(non-amateur);
DRAGONSat (AggieSat-2);35690;;436.250 ;436.250 ;19200bps FSK;;reentered
DRAGONSat (BEVO-1);35690;;437.325 ;437.325 ;9600bps FSK;;reentered
DragonSat-1;39383;;145.870 ;;9600bps FSK;;inactive
DTUSAT;27842;;;437.475 ;2400bps AFSK;OZ2DTU;inactive
DTUsat-2;40030;1268.900 ;2401.835 ;2401.843 ;9k6CPFSK/1k2 19k2 38k4MSK CW;OZ2DTU;active
DUCHIFAT;40021;435.220 ;145.825/145.980;145.980 ;1200bps AFSK BPSK CW;4X4HSL;active
DX-1;40071;144.975-145.025;434.975-435.025;438.225 ;9600bps GFSK;DAURIA;active
E1P (Explorer-1 Prime);;437.305 ;437.505 ;;1200bps AFSK;;failure
E1P-U2;37855;;437.505 ;437.502 ;1200bps BPSK;;active
Eagle-1 (BeakerSat-1);39437;;437.465 ;;9600bps GFSK;;inactive
Eagle-2 ($50SAT MO-76);39436;;437.505 ;437.505 ;9600bps GFSK RTTY CW;;active
EDSN 1-8;;;2401.200-2431.200;437.100 ;1200bps AFSK;;failure
e-st@r;38079;;437.445 ;437.445 ;1200bps AFSK;E-STAR-I;inactive
E-Star-2;;;437.485 ;;1200bps AFSK;;inactive
EstCube-1;39161;;437.505/2401.250;437.254 ;9600bps GMSK CW;ES5E-11 ES5E/S;active
ESTELLE;;;U S-band 5.8GHz;;1Mbps-10Mbps GFSK BPSK;;
ExoCube;40380;;437.270 ;437.270 ;9600bps FSK CW;KK6HGC XO3;active
F-1;38855;;145.980 ;437.485 ;1200bps FM AFSK CW;XV1VN;reentered
FIREBIRD-U1;39463;;437.405 ;;19200bps FSK;K7MSU;active
FIREBIRD-U2;39464;;437.230 ;;19200bps FSK;K7MSU;inactive
FIREBIRD-II FU3;40377;;437.397/437.405;;19200bps FSK;K7MSU;active
FIREBIRD-II FU4;40378;;437.219/437.230;;19200bps FSK;K7MSU;active
First-MOVE;39439;435.520 ;145.970 ;145.970 ;1200bps BPSK CW;MOVE1;active
FITSAT-1;38853;;437.445/5.84GHz;437.250 ;1200bps/115.2Kbps;JG6YEW;reentered
FO-12 (JAS-1);16909;145.900-146.000;435.900-435.800;435.795 ;SSB CW;;inactive
FO-12 (JAS-1);16909;145.85/87/89/91;435.910 ;;1200bps JAS;8J1JAS;inactive
FO-20 (JAS-1b);20480;145.900-146.000;435.900-435.800;435.795 ;SSB CW;;inactive
FO-20 (JAS-1b);20480;145.85/87/89/91;435.910 ;;1200bps JAS;8J1JBS;inactive
FO-29 (JAS-2);24278;145.900-146.000;435.900-435.800;435.795 ;SSB CW (DigiTalker);;active
FO-29 (JAS-2);24278;145.85/87/89/91;435.910 ;;1200bps JAS;8J1JCS;inactive
FO-69 (FASTRAC-1);37227;145.825 ;437.345 ;437.342 ;1200bps AFSK;FAST1;inactive
FO-69 (FASTRAC-1);37227;145.980 ;437.345 ;437.342 ;9600bps FSK;FAST1;inactive
FO-70 (FASTRAC-2);37380;435.025 ;145.825 ;145.825 ;1200bps AFSK;FAST2;inactive
FO-70 (FASTRAC-2);37380;437.345 ;145.825 ;145.825 ;9600bps FSK;FAST2;inactive
Fox-1A (AO-85);40967;435.185 ;145.979 ;145.979 ;FM CTCSS 67.0Hz/200bps DUV/9k6 FSK;;active
Fox-1B;;435.250 ;145.960 ;;FM CTCSS 67.0Hz;;
Fox-1C;;435.300/1267.300;145.920 ;;FM CTCSS 67.0Hz;;
Fox-1D;;435.350/1267.350;145.880 ;;FM CTCSS 67.0Hz;;
FUNcube-1 (AO-73);39444;435.130-435.150;145.970-145.950;;Inverting;;active
FUNcube-1 (AO-73);39444;;145.935 ;;1200bps BPSK;;active
FUNcube-2;40074;435.060-435.080;145.950-145.930;;Transponder;;
FUNcube-2;40074;;;145.915 ;1200bps BPSK;;active
Galassia;41170;436.400 ;144.200/145.000;145.800 ;9600bps GMSK;;
GeneSat-1;29655;;437.065/437.100;437.065 ;1200bps AFSK;KE7EGC;reentered
GO-32 (TechSat);25397;145.850/145.930;435.225 ;435.325 ;9600bps FSK;4XTECH-11 -12;active
Goliat;38080;;437.485 ;437.485 ;1200bps AFSK CW;YO7MJF;inactive
GOMX-1;39430;;437.250 ;;1k2/2k4/4k8/9k6 GMSK;;active
GOMX-2;;;437.250 ;;9600bps MSK;;failure
GomX-3;40949;;437.250 ;;9600bps GMSK;;active
GRAHAM (PhoneSat1);39142;;2401.200-2431.200;437.425 ;1200bps AFSK;KJ6KRW-2;reentered
GRIFEX;40379;;437.480 ;;9600bps GMSK;KD8SPS;active
HAUSAT-1;;;437.465 ;437.465 ;1200bps AFSK;D90HP;failure
HawaiiSat1 (HiakaSat1);;;145.9805 ;437.2705 ;9600bps GFSK;;failure
HawkSat-1;35004;;437.345 ;437.345 ;1200bps AFSK;;inactive
Hermes;;;437.425 ;;1200bps AFSK;;failure
HiNCube;39445;;437.305 ;;;;inactive
HO-59 (HITSAT);29484;145.980 ;437.425 ;437.275 ;1200bps AFSK;JR8YJT;reentered
HO-68 (XW-1);36122;145.925-145.975;435.765-435.715;435.790 ;SSB inverting CW;BJ1SA-11 -12;inactive
HO-68 (XW-1);36122;145.825 ;435.675 ;435.790 ;FM_tone67Hz CW_only;BJ1SA-11 -12;active
Ho'oponopono-2;39403;;427.220 ;;9600bps FSK GMSK;;inactive
Hodoyoshi-1;;;467.674 ;;1000bps Unknown;(non-amateur);
Horyu-2;38340;;437.375 ;437.375 ;1200bps FSK CW;JG6YBW;active
HORYU-4;;;437.375/2400.300;437.375 ;1k2 AFSK 9k6 GMSK S-BPSK CW;;
Humsat-D;39433;;437.325/437.525;437.325 ;CW;;inactive
ICEcube1;;;437.305 ;;9600bps FSK;W2CXM;failure
ICEcube2;;;437.425 ;;9600bps FSK;N2VR;failure
ICUBE-1;39432;435.060 ;145.947 ;;1200bps BPSK/FM-DSB_Transponder;;inactive
IiNUSat;;145.950 ;436.915 ;;1k2 9k6 2FSK;;
IO-26 (ITAMSAT);22826;145.875-145.950;435.822/435.867;435.791 ;1200bps JAS;ITMSAT-11 -12;active
ION;;;437.505 ;437.505 ;1200bps AFSK;;failure
IPEX;39471;;437.270 ;437.270 ;9600bps GMSK CW;KJ6KSL-1;inactive
ISS;25544;145.825 ;145.825 ;145.825 ;1200bps AFSK;RS0ISS;active
ISS;25544;145.990 ;145.800 ;145.800 ;1200bps AFSK;RS0ISS-3;inactive
ISS;25544;437.550 ;437.550 ;437.550 ;1200bps AFSK;RS0ISS-4  -11;inactive
ISS;25544;145.200 ;145.800 ;;Voice(Reg 1);NA1SS;inactive
ISS;25544;144.490 ;145.800 ;;Voice(Reg 2 3);NA1SS;inactive
ITASAT-1;;;145.860/2400.150;;1200bps BPSK;;
ITF-1;39573;;;437.525 ;CW;JQ1ZLO;reentered
ITU-pSat1;35935;;437.325 ;437.325 ;19200bps GFSK CW;;active
Jugnu;37839;;437.505 ;437.276 ;CW;;active
KAGAYAKI;33495;;437.375 ;437.375 ;9600bps FSK CW;;inactive
KickSat;39685;;2401.000-2436.200;437.505 ;1200bps AFSK;KD2BHC;reentered
KKS-1 (KISEKI);33499;;437.445 ;437.385 ;1200bps AFSK CW;JQ1YYY;active
KO-23 (KITSAT-A);22077;145.900/145.850;435.175 ;435.175 ;9600bps FSK;HL01-11 -12;inactive
KO-25 (KITSAT-B);22828;145.980/145.870;436.500 ;436.500 ;9600bps FSK;HL02-11  -12;inactive
KSAT2;39578;;S Ku-band;;200Kbps 1Mbps G1D;(non-amateur);
KUTESat Pathfinder;;;437.385 ;;1200bps AFSK;KC0RMW;failure
KySat-1;;145.850 ;436.790 ;;1200bps AFSK;;failure
KySat-2;39384;;437.405 ;437.402 ;9600bps FSK;KK4AJJ;inactive
Lambda-Sat;;;437.462 ;;1200bps AFSK;;inactive
LAPAN-A2/ORARI (IO-86);40931;435.880/145.825;145.880/145.825;437.425 ;FM APRS;;active
LARES;38077;;;;;(non-amateur);
LIBERTAD-1;31129;;437.405 ;437.399 ;1200bps AFSK;5K3L;inactive
LightSail-A;40661;;437.435 ;;9600bps FSK;KK6HIT-1;active
LitSat-1;39568;435.135-435.165;145.965-145.935;;SSB;;reentered
LitSat-1;39568;435.550 ;145.845 ;435.138 ;9600bps FSK CW;LY1LS;reentered
LituanicaSAT-1 (LO-78);39569;145.950 ;435.176 ;;FM_tone 67.0Hz;;reentered
LituanicaSAT-1 (LO-78);39569;145.850 ;437.543 ;437.275 ;9600bps FSK CW;LY5N;reentered
LO-19 (LUSAT);20442;145.840-145.900;437.125/437.150;437.125 ;CW carrier;LUSAT-11  -12;active
LQSat;40958;;437.650/2404.035;437.650;4k8 MSK/1Mbps QPSK CW;;active
MaSat-1 (MO-72);38081;;437.345 ;437.345 ;625/1250bps 2GFSK CW;HA5MASAT;reentered
MAST;31126;;2400.000-2483.500;;FHSS;;inactive
M-Cubed;37855;;437.485 ;437.485 ;9600bps GMSK;;active
MCubed-2;39469;;437.485 ;437.479 ;9600bps GMSK;NOCALL;active
Mea Huaka'i Voyager;;;437.405/5.840GHz;;1200bps AFSK;;failure
MEROPE;;;145.980 ;;1200bps AFSK;K7MSU-1;failure
METEOR-M1;35865;;137.100/137.900;;72Kbps QPSK;(weather sat);
METEOR-M2;40069;;137.100/137.900;;72Kbps QPSK;(weather sat);
MIR;16609;145.985 ;145.985 ;145.985 ;Packet;R0MIR-1;reentered
MO-46 (TiungSat);26548;145.850/145.925;437.325 ;437.325 ;38400bps FSK;MYSAT3-11 -12;inactive
myPocketQub;;;437.425-437.525;;;;
NanoSail-D2;37361;;;437.270 ;1200bps AFSK;KE7EGC;reentered
NanosatC-Br1;40024;435.xxx;145.865 ;145.865 ;1200bps BPSK CW;NCBR1;active
Nayif-1;;435.015-435.045;145.990-145.960;145.940;1200bps BPSK;;
nCUBE-1;;;437.305 ;;9600bps GMSK;LA1CUB;failure
NCUBE2;28897;;;437.305 ;9600bps FSK;LA1CUB;inactive
NEE-01 Pegaso;39151;;910.000(bandwidth 25MHz);;AMTV-CW SSTV;(non-amateur);
NEE-02 Krysaor;39441;;980.000(bandwidth 25MHz);;;(non-amateur);
Negai*""";36575;;437.305 ;437.305 ;1200bps AFSK CW;JQ1ZEX;reentered
NMARS;29662;148.975 ;27.965 ;;1200bps FM USB;;reentered
NO-44 (PCsat1);26931;145.827 ;145.827 ;145.827 ;1200bps AFSK;(A) W3ADO-1;active
NO-44 (PCsat1);26931;435.250 ;145.827 ;145.827 ;9600bps FSK;(A) PCSAT-1;active
NO-44 (PCsat1);26931;;144.390 ;144.390 ;1200bps AFSK;(B) PCSAT-11;inactive
NO-44 (PCsat1);26931;;144.390 ;144.390 ;9600bps FSK;(B) PCSAT-12;inactive
NO-45 (Sapphire);26932;145.945 ;437.100 ;437.100 ;1200bps AFSK;KE6QMD;inactive
NO-60 (RAFT);29661;145.825 ;145.825 ;145.825 ;1200bps AFSK;RAFT;reentered
NO-61 (ANDE);29664;145.825 ;145.825 ;145.825 ;1200bps AFSK;ANDE-1;reentered
NO-62 (FCAL);29667;;437.385 ;437.385 ;1200bps AFSK;KD4HBO;reentered
NOAA-15;25338;;137.620/1702.500;;;(weather sat);
NOAA-18;28654;;137.9125/1707.000;;;(weather sat);
NOAA-19;33591;;137.100/1698.000;;;(weather sat);
NPS-SCAT;39389;;2401.200-2447.600;437.525 ;1200bps AFSK CW;K6NPS;inactive
O/OREOS;37224;;437.300/437.305;;1200bps AFSK;KF6JBP;active
OO-38 (OPAL);26063;;437.100 ;437.100 ;9600bps FSK;KF6RFX;inactive
OPTOS;39420;;;;;(non-amateur);
OPUSAT;39575;;437.154 ;437.154 ;1k2AFSK 9k6GFSK CW;JL3ZCA;reentered
ORS-Squared;;;437.325 ;;9600bps GMSK;;failure
OSSI-1;39131;;437.525 ;145.980 ;1200bps AFSK CW;;
PACE;40023;;437.485 ;437.485 ;1200bps AFSK CW;;inactive
PCSat2;;145.825 ;435.275 ;437.975 ;9600bps FSK;PC2TLM;reentered
Perseus-M1;40039;;400.160/400.170;;9600bps GFSK;(non-amateur);
Perseus-M2;40037;;400.190/400.221;;9600bps GFSK;(non-amateur);
PharmaSat-1;35002;;437.465 ;437.465 ;1200bps AFSK;KE7EGC;inactive
PhoneSat2.4;39381;;2401.200-2431.200;437.425 ;1200bps AFSK;KJ6KRW;active
PhoneSat2.5;39684;;2401.200-2431.200;437.425 ;1200bps AFSK;KJ6KRW;reentered
PicoDragon;39413;;437.xxx;437.250 ;1200bps AFSK CW;XV9PID;reentered
PICPOT;;;437.485 ;;9600bps FSK;;failure
PICPOT;;;2440.000 ;;10kbit GFSK;;failure
PO-28 (POSAT);22829;145.925/145.975;435.075/435.275;;9600bps FSK;POSAT1-11 -12;inactive
PO-34 (PANSAT);25520;436.500 ;436.500 ;;Spectrum;;inactive
PO-63 (PehuenSat);29712;;145.825 ;145.825 ;1200bps AFSK;LU1YUC;inactive
Pocket-PUCP;;;437.200 ;437.200 ;1200bps AFSK CW;;inactive
PolyITAN-1;40042;;437.677 ;437.677 ;9600bps 2FSK CW;EM0UKP;active
PolySat CP1;;;436.845 ;;15bps DTMF CW;N6CP;failure
PolySat CP2;;;437.325 ;437.325 ;1200bps AFSK;;failure
PolySat CP3;31128;;436.845 ;;1200bps AFSK;;inactive
PolySat CP4;31132;;437.325 ;437.323 ;1200bps SSB;N6CP;inactive
POPSAT-HIP1;40028;;437.405 ;437.405 ;1k2 9k6 CCSDS CW;POPSAT;inactive
PrintSat;;;437.325 ;;9600bps GMSK;;failure
PRISM (HITOMI);33493;;437.425 ;437.250 ;1k2AFSK 9k6GMSK CW;JQ1YCX;active
PROITERES;38756;;437.485 ;437.485 ;1200bps AFSK CW;JL3YZL;inactive
PSat-A/B (NO-84);40654;28.120/145.825;145.825/435.350;;1200bps AFSK PSK31;PSAT-1/PSAT;active
PTecSat;;;436.000/437.000-427.200;;1200bps AFSK;;
PUCP-SAT-1;39442;145.840 ;145.840/437.200;;1200bps AFSK;;inactive
PW-Sat1;38083;435.020 ;145.900 ;145.902 ;1200bps BPSK FM CW;VOID;inactive
QB50p1/FUNcube3 (EO-79);40025;435.047-435.077;145.965-145.935;145.815 ;1200bps BPSK CW SSB;QB50P1;active
QB50p2 (EO-80);40032;435.080 ;145.880/145.840;145.880 ;1200bps BPSK CW FM;QB50P2;active
QUAKESAT;27845;;436.682 ;436.682 ;9600bps FSK;KD7OVB;inactive
Qubescout-S1;39443;;437.525 ;;9600bps GMSK;;inactive
RACE;;;437.525 ;437.525 ;38k4 GMSK CW;;failure
RAIKO;38852;;2.285GHz 13GHz;2285.000 ;38.4Kbps-500Kbps BPSK;(non-amateur);
RAX-1;37223;;437.505 ;437.505 ;9600bps GMSK;RAX-1;inactive
RAX-2;37853;;437.345 ;437.345 ;9600bps GMSK;;inactive
RINCON;;;436.870 ;437.345 ;1200bps AFSK;WA4CEW;failure
RISING-2;39769;435.xxx;2401.xxx;;1200bps 9600-96000bps;(non-amateur);
Robusta;38084;;437.325 ;437.325 ;1200bps FM;;inactive
RS-12 (Sputnik);21089;21.210- 21.250;29.410- 29.450;29.408 ;SSB CW;;inactive
RS-13 (Sputnik);21089;21.260- 21.300;145.860-145.900;145.862 ;SSB CW;;inactive
RS-15 (Sputnik);23439;145.858-145.898;29.354- 29.394;29.352 ;SSB CW;;active
RS-21 (Sputnik);27394;;;145.825 ;CW;;reentered
RS-22 (Mozhayets-4);27939;;;432.098/435.352;CW;;active
RS-28 (UgatuSat);35868;;435.266/435.442;435.264 ;CW;;inactive
RS-30 (Yubileiniy-1);32953;;435.215 ;435.315 ;CW;;active
RS-38 (Tatiana-2);35869;;435.448/435.498;435.490 ;CW;;inactive
RS-39 (Chibis-M);38051;;435.215 ;435.315 ;CW;;reentered
RS-40 (MiR);38736;;;435.365 ;CW;;inactive
SACRED;;;436.870 ;;1200bps AFSK;WA4CEW;failure
SAFIR-S;25399;;;2401.900 ;9600bps FSK;DP1AIS;inactive
SaudiSat-4;40016;;;;Ka-band transponder;;
SEEDS;;;437.485 ;;1200bps AFSK;JQ1YGU;failure
SERPENS;40897;;145.980/437.365;;1k2 MSK/9k6 GFSK CW;PY0ESA;active
ShindaiSat;39572;;437.305 ;437.485 ;1200bps AFSK CW;JR0ZST;reentered
SHIN'EN2 (FO-82);;145.940-145.960;435.280-435.260;437.385/437.505;Transponder WSJT/CW;JG6YIG;active
SkyCube;39567;;915.000 ;;57.6Kbps;(non-amateur);
SO-33 (SEDSAT-1);25509;;437.910 ;437.910 ;9600bps FSK;SEDSAT-1;inactive
SO-35 (SUNSAT-1);25636;436.291 ;145.825 ;145.825 ;9600bps FM;SUNSAT-3;inactive
SO-41 (SaudiSat-1a);26545;;436.775 ;436.775 ;9600bps FSK;SASAT1-11 -12;inactive
SO-42 (SaudiSat-1b);26549;;436.075 ;436.075 ;9600bps FSK;SASAT2-11 -12;inactive
SO-43 (Starshine);26929;;;145.820 ;9600bps FSK;STRSHN;reentered
SO-50 (SaudiSat-1c);27607;145.850 ;436.795 ;;FM_tone 67.0Hz;;active
SO-67 (SumbandilaSat);35870;145.875 ;435.345 ;435.300 ;FM_tone 233.6Hz;;inactive
SOCRATES;39768;;;;;(non-amateur);
SOHLA-1 (MAIDO-1);33496;;437.505 ;437.505 ;1200bps AFSK CW;JL3YUS;inactive
SOMP;39134;;437.485 ;437.503 ;1200bps AFSK CW;DP0TUD;active
SpinSat;;;437.230 ;;9600bps GFSK;;
SporeSat;39681;;2401.200-2431.200;437.100 ;1200bps AFSK;;
Sprites;;;437.240 ;;125bps  MSK;;
SPROUT;39770;;437.525 ;437.525 ;1k2AFSK 9k6GMSK CW;JQ1ZJQ;active
SPROUT;39770;437.600 ;437.600 ;;Digipeater Digitalker SSTV;;active
SRMSAT;37841;145.900 ;437.500 ;437.425 ;CW;;active
STACEM;;;;;;;failure
STARS (KUKAI mother);33498;;437.485 ;437.305 ;1200bps FM CW;JR5YBN;active
STARS (KUKAI daught);33498;;437.465 ;437.275 ;1200bps FM CW;JR5YBO;active
STARS-II (Mother);39579;;437.405 ;437.245 ;1200bps AFSK CW;JR5YDX;reentered
STARS-II (Daughter);39579;;437.425 ;437.255 ;1200bps AFSK CW;JR5YDY;reentered
STARS-C (Mother);;;437.405 ;437.245 ;1k2 FM CW;;
STARS-C (Daughter);;;437.425 ;437.255 ;1k2 FM CW;;
STRaND-1;39090;;437.568 ;437.568 ;9600bps GMSK;;active
StudSat;36796;437.505 ;437.505 ;437.861 ;9600bps FSK CW;;inactive
STU-1;;;2402.000-2445.000;436.360 ;9600bps GMSK;;failure
Supernova-Beta;;;437.570 ;;1200bps AFSK;;failure
SwampSat;39402;;437.385 ;;9600bps FSK;;inactive
SwissCube-1;35932;;437.505 ;437.505 ;1200bps BFSK CW;HB9EG1;active
TabletSat-Aurora;40017;;435.550/436.100;437.050 ;9600bps GMSK D-STAR;;inactive
TechEdSat;38854;;437.465 ;437.465 ;1200bps FM CW;KJ6TVO;reentered
TechEdSat-3;39415;;437.465 ;437.465 ;1200bps AFSK CW;;inactive
TeikyoSat-3;39576;;437.450 ;437.450 ;1200bps AFSK CW;JQ1ZKM;reentered
TetherSat;;;437.100/437.305;;9600bps GFSK;;inactive
TigriSat;40043;;435.000 ;;9600bps FSK;HNATIG;active
TIsat-1;36799;145.980 ;437.305 ;145.980 ;FM AFSK PSK CW;HB9DE;active
TJ3Sat;39385;;;437.320 ;CW;;inactive
TO-31 (TMSAT-1);25396;145.925/145.975;436.925/436.900;436.925 ;9600bps FSK;TMSAT1-11 -12;inactive
Trailblazer-1;39400;;437.425 ;;9600bps FSK;;inactive
Triton-1;39427;435.xxx;145.818/145.823;2408.000 ;1200bps RC-BPSK CW;TRIV0 TRIV1;active
TSAT (TestSat-Lite);39682;;;;;;
TSUBAME;;;437.505 ;437.275 ;1200bps AFSK CW;JQ1ZHX;inactive
TugSat-1 (CanX-3B);39091;;145.890/437.365;2234.400 ;32Kbps-256Kbps BPSK;;inactive
TURKSAT-3USAT;39152;145.940-145.990;435.200-435.250;437.225 ;Transponder CW;;inactive
TW-1A;40928;;435.645 ;;4k8/9k6 GMSK;;active
TW-1B;40927;;437.645 ;;4k8/9k6 GMSK;;active
TW-1C;40926;;435.645 ;;4k8/9k6 GMSK;;active
UAPSat-1;39571;145.980 ;437.385 ;437.385 ;1200bps AFSK;OA0UAP-1;inactive
UKube-1;40074;435.020-435.040;145.960-145.940;;Transponder;;
UKube-1;40074;;145.805/2401.000;145.840 ;1200bps BPSK CW;UKUBE1;active
UniBRITE (CanX-3A);39092;;145.890 ;145.890 ;CW;;inactive
UNICubeSAT;38085;;437.305 ;437.305 ;9600bps FSK;;inactive
UNIFORM-1;39767;;;;;(non-amateur);
UniSat-5;39421;;437.175/437.425;;9600bps GMSK;;inactive
UniSat-6;40012;;437.425 ;;9600bps GMSK;II0US;active
UNITEC-1;36578;;5840.000 ;5840.000 ;1200bps AFSK CW;JQ1ZUN;earth escape
UNSA-SAT1;;;3.4GHz;;230Kbps BPSK;;
UO-11 (UoSAT-2);14781;;145.826/435.025;2401.500 ;(V)FM (S)PSK;UOSAT-2;active
UO-14 (UoSAT-3);20437;145.975 ;435.070 ;;FM;;inactive
UO-22 (UoSAT-5);21575;145.900/145.975;435.120 ;435.120 ;9600bps FSK;UOSAT5-11 -12;inactive
UO-36 (UoSAT-12);25693;145.960 ;437.400/437.025;437.400 ;38400bps FSK;UO121-11 -12;inactive
UO-9 (UoSAT-1);12888;;145.825/435.025;2401.000 ;SSB CW;;reentered
USS Langley;;28.120/145.825;437.475/435.350;2404.000 ;9600bps FSK PSK31;;inactive
UWE-1;28892;;437.505 ;437.505 ;1200bps AFSK;DP0UWE;inactive
UWE-2;35934;;437.385 ;437.385 ;1200bps AFSK CW;;inactive
UWE-3;39446;;435.000/436.395/437.385;;9600bps GMSK CW;DP0UWG;active
VELOX-I;40057;;145.980 ;145.980 ;9600bps FSK CW;VELOXI;active
VELOX-P2;39438;437.305 ;145.980 ;145.980 ;1200bps BPSK CW;;inactive
VELOX-2;41171;;145.930 ;;1200bps BPSK CW;VELOX2;active
Venta-1;;;437.325 ;;;;
Vermont Lunar;39407;;437.305 ;;9600bps FSK;W1VTC2;reentered
VO-52 (Hamsat);28650;435.220-435.280;145.930-145.870;145.936 ;SSB Carrier;Indian;inactive
VO-52 (Hamsat);28650;435.225-435.275;145.925-145.875;145.860 ;SSB CW;Dutch;inactive
Waseda-SAT2;36574;;437.485 ;437.485 ;1200bps PCMFSK CW;WASEDA;reentered
Waseda-Sat3;;;437.290 ;437.290 ;1k2 PCMFSK CW;;
WE_WISH;38856;;437.515 ;437.505 ;2400bps FM SSTV CW;JQ1ZIJ;reentered
WNISAT-1;39423;;467.674 ;;;(non-amateur);
WO-18 (WEBERSAT);20441;;437.104/437.075;;1200bps PSK;;inactive
WO-39 (JAWSAT);26061;145.860 ;437.070/437.175;;9600bps FSK;;inactive
Wren;39435;;437.405 ;437.405 ;1200bps FSK CW;;inactive
Xatcobeo;38082;;437.365/145.940;437.365 ;1200bps FFSK SSR CW;;active
XO-53 (SSETI);28894;;437.250 ;437.250 ;9600bps FSK;SSETI1;inactive
ZACube-1;39417;145.860 ;437.356 ;14.099 ;1k2AFSK 9k6GMSK CW;123456;active
4M-LXS;;;145.980 ;;WSJT-JT65B;LX0OHB;active
